tcell_id,centroid_x,centroid_y,area_pixels,perimeter_pixels,major_axis_length_pixels,minor_axis_length_pixels,area_um2,perimeter_um,major_axis_length_um,minor_axis_length_um,solidity,eccentricity,circularity,aspect_ratio,roundness,closest_macro_1_id,closest_macro_1_morphology,closest_macro_1_distance_pixels,closest_macro_1_distance_um,closest_macro_1_area_pixels,closest_macro_1_area_um2,closest_macro_1_perimeter_pixels,closest_macro_1_perimeter_um,closest_macro_1_solidity,closest_macro_1_eccentricity,closest_macro_1_circularity,closest_macro_1_complexity,closest_macro_1_aspect_ratio,closest_macro_1_roundness,closest_macro_1_extent,closest_macro_2_id,closest_macro_2_morphology,closest_macro_2_distance_pixels,closest_macro_2_distance_um,closest_macro_2_area_pixels,closest_macro_2_area_um2,closest_macro_2_perimeter_pixels,closest_macro_2_perimeter_um,closest_macro_2_solidity,closest_macro_2_eccentricity,closest_macro_2_circularity,closest_macro_2_complexity,closest_macro_2_aspect_ratio,closest_macro_2_roundness,closest_macro_2_extent,closest_macro_3_id,closest_macro_3_morphology,closest_macro_3_distance_pixels,closest_macro_3_distance_um,closest_macro_3_area_pixels,closest_macro_3_area_um2,closest_macro_3_perimeter_pixels,closest_macro_3_perimeter_um,closest_macro_3_solidity,closest_macro_3_eccentricity,closest_macro_3_circularity,closest_macro_3_complexity,closest_macro_3_aspect_ratio,closest_macro_3_roundness,closest_macro_3_extent,closest_macro_4_id,closest_macro_4_morphology,closest_macro_4_distance_pixels,closest_macro_4_distance_um,closest_macro_4_area_pixels,closest_macro_4_area_um2,closest_macro_4_perimeter_pixels,closest_macro_4_perimeter_um,closest_macro_4_solidity,closest_macro_4_eccentricity,closest_macro_4_circularity,closest_macro_4_complexity,closest_macro_4_aspect_ratio,closest_macro_4_roundness,closest_macro_4_extent,closest_macro_5_id,closest_macro_5_morphology,closest_macro_5_distance_pixels,closest_macro_5_distance_um,closest_macro_5_area_pixels,closest_macro_5_area_um2,closest_macro_5_perimeter_pixels,closest_macro_5_perimeter_um,closest_macro_5_solidity,closest_macro_5_eccentricity,closest_macro_5_circularity,closest_macro_5_complexity,closest_macro_5_aspect_ratio,closest_macro_5_roundness,closest_macro_5_extent
1,231.04347826086956,28.78985507246377,414.0,75.94112549695427,24.84248416708596,21.446442810045557,50.714999999999996,26.579393923933992,8.694869458480085,7.5062549835159444,0.9517241379310345,0.5046961831082879,0.902103040067883,1.1583498665545453,0.8632970304338625,3,rod,4.166210468469794,1.4581736639644278,1546.0,189.38499999999996,171.39696961967,59.988939366884495,0.8869764773379232,0.836968291849657,0.6613221596970528,4.35911568072996,1.8273137854371932,0.5472513850491997,0.6895628902765388,2,artifact,71.13276399017485,24.896467396561196,61.0,7.472499999999999,48.82842712474619,17.089949493661166,0.8591549295774648,0.9955307825138351,0.32150981034733356,6.251839461083289,10.589002226100032,0.0944376040959908,0.782051282051282,4,rod,84.40844200995534,29.542954703484366,405.0,49.61249999999999,84.52691193458118,29.58441917710341,0.9529411764705882,0.7751489860402032,0.7123195784702058,4.200176022530261,1.582833270822092,0.6317784813056273,0.6661184210526315,1,hyperramified,98.89778229666246,34.614223803831855,83.0,10.167499999999999,42.48528137423857,14.869848480983498,0.9021739130434783,0.9562035092662297,0.5778444663290642,4.66336547049707,3.416436291022638,0.29270266289691915,0.7280701754385965,28,rod,121.89698794043754,42.66394577915314,135.0,16.537499999999998,42.970562748477136,15.039696961966996,0.9246575342465754,0.7479337484606253,0.918758880532334,3.698317197822506,1.50653825710146,0.663773385963642,0.7417582417582417
2,1821.0,51.0,23.0,15.313708498984761,6.014475292448898,4.86335007099463,2.8174999999999994,5.359797974644666,2.105066352357114,1.7021725248481205,1.0,0.5883484054145521,1.232471678482232,1.2366938848016846,0.8086075400626399,27,rod,12.04061163877075,4.214214073569762,1792.0,219.51999999999998,179.29646455628165,62.75376259469857,0.9082615306639635,0.7342113154122065,0.7004939960026495,4.2354808586520365,1.4729253892845815,0.6789210147879334,0.735632183908046,21,rod,53.91375790131787,18.869815265461256,306.0,37.48499999999999,68.87005768508881,24.10452018978108,0.9503105590062112,0.8560931916162788,0.8107190854078155,3.9370391505585665,1.9349040804045914,0.5168214849135563,0.7555555555555556,15,ameboid,68.86248160830823,24.101868562907878,241.0,29.522499999999997,58.97056274847714,20.639696961966997,0.964,0.7560445662544073,0.8708760800892547,3.7986278757017544,1.5278368665626678,0.654520140131062,0.8197278911564626,29,rod,74.19820973710394,25.969373407986378,901.0,110.37249999999999,119.7401153701776,41.90904037956216,0.9494204425711275,0.7275210136819761,0.7896875852643673,3.989121615594012,1.457544500337318,0.6860853989491031,0.6984496124031008,14,rod,122.10381809625386,42.73633633368885,1057.0,129.4825,141.25483399593904,49.43919189857866,0.9018771331058021,0.867323955625538,0.665699473014044,4.34476033974929,2.00906463135309,0.4977440667633014,0.7254632807137955
3,1961.6693121693122,59.957671957671955,378.0,75.94112549695427,25.41172502599758,19.28785755562619,46.30499999999999,26.579393923933992,8.894103759099153,6.7507501444691655,0.9130434782608695,0.6510741882882853,0.8236592974532846,1.3174985844182099,0.7590140982516401,23,rod,39.06563535376293,13.672972373817025,174.0,21.314999999999998,58.142135623730944,20.34974746830583,0.9830508474576272,0.9438348771957984,0.6468106358610662,4.40774392658497,3.026474078116387,0.3304175004275532,0.8365384615384616,29,rod,67.74323113232494,23.710130896313725,901.0,110.37249999999999,119.7401153701776,41.90904037956216,0.9494204425711275,0.7275210136819761,0.7896875852643673,3.989121615594012,1.457544500337318,0.6860853989491031,0.6984496124031008,27,rod,144.26090238629538,50.49131583520338,1792.0,219.51999999999998,179.29646455628165,62.75376259469857,0.9082615306639635,0.7342113154122065,0.7004939960026495,4.2354808586520365,1.4729253892845815,0.6789210147879334,0.735632183908046,21,rod,194.28495338897892,67.99973368614262,306.0,37.48499999999999,68.87005768508881,24.10452018978108,0.9503105590062112,0.8560931916162788,0.8107190854078155,3.9370391505585665,1.9349040804045914,0.5168214849135563,0.7555555555555556,15,ameboid,200.6065318392527,70.21228614373844,241.0,29.522499999999997,58.97056274847714,20.639696961966997,0.964,0.7560445662544073,0.8708760800892547,3.7986278757017544,1.5278368665626678,0.654520140131062,0.8197278911564626
4,712.9481915933529,91.47214076246334,1023.0,123.05382386916237,40.00585289510583,33.374036634627366,125.31749999999998,43.068838354206825,14.00204851328704,11.680912822119577,0.9542910447761194,0.5514183771272703,0.8489757201474484,1.1987118409763355,0.8342288495169221,37,ameboid,7.473932230591604,2.6158762807070612,262.0,32.095,58.04163056034261,20.31457069611991,0.9703703703703703,0.5288508001511333,0.9773091081425163,3.5858239112554964,1.1782520895188988,0.848714811452885,0.8111455108359134,26,hyperramified,39.70629652615449,13.89720378415407,1358.0,166.355,180.71067811865473,63.24873734152915,0.8823911630929174,0.9605179335103833,0.5225670266154959,4.903813338844254,3.5943027286183584,0.2782180788607079,0.5388888888888889,31,ramified,66.22610734432237,23.17913757051283,221.0,27.072499999999998,65.45584412271572,22.9095454429505,0.8435114503816794,0.9027128668445168,0.6481944107280537,4.403036554941429,2.324265145172813,0.4302435124825866,0.68,40,hyperramified,76.52758741246481,26.784655594362683,2718.0,332.955,286.2081528017131,100.17285348059957,0.7255739455419113,0.9343204044605454,0.41696088417899896,5.489809501506298,2.805566444648576,0.35643426015000673,0.4448445171849427,38,rod,86.96546149196405,30.437911522187417,745.0,91.26249999999999,113.49747468305831,39.72411613907041,0.9335839598997494,0.8331706288319866,0.7267645573269902,4.158225737959336,1.8082659246072819,0.5530160063250539,0.6663685152057245
5,917.9150943396227,282.9433962264151,106.0,40.970562748477136,17.23114439129834,8.138907196278764,12.984999999999998,14.339696961966997,6.030900536954419,2.848617518697567,0.954954954954955,0.8814180338075426,0.7935455687775086,2.1171324326165912,0.47233700858480876,88,rod,69.20107595902532,24.220376585658858,879.0,107.67749999999998,116.42640687119285,40.749242404917496,0.9680616740088106,0.8255929423015202,0.8148839237019441,3.9269652394647205,1.772213327394815,0.5642661549498771,0.7751322751322751,81,rod,70.89115238401486,24.811903334405198,54.0,6.614999999999999,27.071067811865476,9.474873734152915,0.9473684210526315,0.8626477206401942,0.9259613306162161,3.683905718408463,1.977045670921388,0.5058052096155964,0.8181818181818182,62,hyperramified,91.85737606103707,32.15008162136297,1988.0,243.52999999999997,254.1370849898476,88.94797974644666,0.7570449352627571,0.9156146306262316,0.3868032867925189,5.699803112096814,2.4872093947394722,0.40205702105943797,0.48725490196078436,72,rod,102.67269873510551,35.93544455728693,331.0,40.54749999999999,70.62741699796953,24.719595949289335,0.9650145772594753,0.641941832213056,0.8338562935388778,3.8820339265990564,1.304200383782406,0.7667533397742358,0.7662037037037037,56,ameboid,135.2188958115405,47.326613534039176,836.0,102.40999999999998,105.49747468305833,36.924116139070414,0.9789227166276346,0.5580063224340834,0.9439131002457809,3.6487064569808236,1.2050563722944543,0.8298366972625335,0.7961904761904762
6,87.69794721407625,313.0733137829912,341.0,118.5685424949238,30.123669272167295,20.342334322717644,41.772499999999994,41.49898987322333,10.543284245258553,7.119817012951175,0.7194092827004219,0.7375486150264196,0.3048072413271419,1.4808364071829347,0.6752940400096911,83,ameboid,6.174836237045055,2.161192682965769,931.0,114.04749999999999,113.98275605729688,39.89396462005391,0.9647668393782384,0.54174354423088,0.9004948581747837,3.735633947067712,1.1897059532165122,0.8405438312688783,0.7424242424242424,84,rod,50.044308304208876,17.515507906473104,1109.0,135.8525,143.4974746830583,50.224116139070404,0.8815580286168522,0.3996428461683243,0.6767883801036724,4.309019755554109,1.090904016175456,0.9166709308724047,0.6290414066931367,70,ameboid,50.297017489425144,17.6039561212988,257.0,31.482499999999995,59.21320343559643,20.72462120245875,0.9553903345724907,0.2336393876003145,0.9210980719505054,3.6936181480705526,1.0284644834871763,0.9723233189437298,0.79320987654321,71,rod,64.10605922502029,22.4371207287571,382.0,46.794999999999995,73.11269837220809,25.589444430272827,0.9526184538653366,0.6748488315875337,0.8980232928349661,3.7407710740492606,1.3550943459368772,0.7379559976752953,0.7579365079365079,90,rod,73.62442393452561,25.768548377083963,1513.0,185.34249999999997,154.42640687119282,54.049242404917486,0.9462163852407754,0.5393939778162524,0.7972704337784244,3.9701060017336376,1.187572965269965,0.8420535236524815,0.8254228041462083
7,57.4639175257732,379.77319587628864,97.0,42.384776310850235,15.454021030931914,9.413714510312484,11.882499999999999,14.83467170879758,5.40890736082617,3.294800078609369,0.8151260504201681,0.7930601175800462,0.6785186781381468,1.641649639364188,0.6091433738488199,90,rod,3.4874585323897582,1.2206104863364153,1513.0,185.34249999999997,154.42640687119282,54.049242404917486,0.9462163852407754,0.5393939778162524,0.7972704337784244,3.9701060017336376,1.187572965269965,0.8420535236524815,0.8254228041462083,83,ameboid,69.75840727228623,24.41544254530018,931.0,114.04749999999999,113.98275605729688,39.89396462005391,0.9647668393782384,0.54174354423088,0.9004948581747837,3.735633947067712,1.1897059532165122,0.8405438312688783,0.7424242424242424,84,rod,97.22570091371874,34.02899531980156,1109.0,135.8525,143.4974746830583,50.224116139070404,0.8815580286168522,0.3996428461683243,0.6767883801036724,4.309019755554109,1.090904016175456,0.9166709308724047,0.6290414066931367,93,rod,107.77013123158366,37.71954593105428,2139.0,262.0275,202.50966799187808,70.87838379715733,0.9304045237059592,0.8710328290466325,0.6554342400493212,4.378651385118326,2.0357278100557776,0.4912248067056669,0.5844262295081967,71,rod,112.86276021392312,39.50196607487309,382.0,46.794999999999995,73.11269837220809,25.589444430272827,0.9526184538653366,0.6748488315875337,0.8980232928349661,3.7407710740492606,1.3550943459368772,0.7379559976752953,0.7579365079365079
8,159.5,428.5,24.0,15.31370849898476,5.5377492419453835,5.5377492419453835,2.9399999999999995,5.359797974644666,1.938212234680884,1.938212234680884,1.0,0.0,1.2860574036336336,1.0,1.0,93,rod,14.68766677862544,5.140683372518904,2139.0,262.0275,202.50966799187808,70.87838379715733,0.9304045237059592,0.8710328290466325,0.6554342400493212,4.378651385118326,2.0357278100557776,0.4912248067056669,0.5844262295081967,100,hyperramified,58.46122112559999,20.461427393959994,986.0,120.78499999999998,207.29646455628165,72.55376259469857,0.6684745762711864,0.8587167085704446,0.2883387347726906,6.6016643222036455,1.9514076200653387,0.5124505970549182,0.5370370370370371,104,artifact,97.13198325481088,33.99619413918381,2539.0,311.0275,192.95331880577402,67.5336615820209,0.9709369024856597,0.6952650816970091,0.8569748154583653,3.829313320089105,1.3912977446203636,0.7187534112425842,0.8014520202020202,114,rod,104.0981160025684,36.43434060089894,314.0,38.464999999999996,68.2842712474619,23.899494936611664,0.9373134328358209,0.5655478872227164,0.846248972590656,3.853504360867646,1.212539415701728,0.8247154583599858,0.7120181405895691,84,rod,107.56514076044374,37.6477992661553,1109.0,135.8525,143.4974746830583,50.224116139070404,0.8815580286168522,0.3996428461683243,0.6767883801036724,4.309019755554109,1.090904016175456,0.9166709308724047,0.6290414066931367
9,787.9310344827586,466.58620689655174,29.0,17.414213562373096,6.728462016125951,5.500630044211441,3.5524999999999993,6.094974746830583,2.3549617056440826,1.925220515474004,1.0,0.5759048965827146,1.2017112572104822,1.2232166064697647,0.8175166971334915,102,hyperramified,18.923060386187675,6.623071135165686,922.0,112.94499999999998,170.05382386916236,59.51883835420682,0.7569786535303776,0.7816877461567113,0.40065261441590627,5.60042443120868,1.6034120637337066,0.6236699988843787,0.5567632850241546,116,rod,67.86782289715902,23.753738014005656,776.0,95.05999999999999,116.32590180780451,40.714065632731575,0.9023255813953488,0.8273899172987488,0.7206406051161363,4.175856513073957,1.7805382490539543,0.5616279237648086,0.6217948717948718,105,hyperramified,71.70875211114944,25.098063238902302,1045.0,128.0125,166.1959594928933,58.168585822512654,0.8544562551103843,0.8299718705162328,0.47542852171795985,5.141174158125314,1.7927403954347143,0.5578052475118764,0.5701036552100381,97,rod,98.95408765468558,34.63393067913995,346.0,42.38499999999999,68.87005768508881,24.10452018978108,0.9584487534626038,0.5460893351670167,0.9166954364415167,3.702477238808416,1.1937063781661899,0.8377269471712401,0.7863636363636364,115,ameboid,115.98560459091127,40.59496160681894,141.0,17.272499999999997,44.14213562373095,15.449747468305832,0.9657534246575342,0.8236083555395275,0.9093316245190134,3.7174384315503843,1.7631741449272915,0.5671589518692932,0.8294117647058823
10,540.7647058823529,479.3529411764706,34.0,21.899494936611664,9.186940231367458,5.065808220048035,4.164999999999999,7.6648232278140815,3.2154290809786104,1.7730328770168122,0.8717948717948718,0.8342316881144459,0.8908828184805876,1.8135191527799972,0.5514140826508893,101,hyperramified,53.656336856755196,18.779717899864316,2734.0,334.91499999999996,436.8772003600252,152.9070201260088,0.6093158012034767,0.976078653867132,0.1800070909184359,8.355263010144895,4.5994412832341345,0.21741771193931667,0.3278177458033573,123,hyperramified,81.75410966398515,28.6139383823948,287.0,35.1575,83.01219330881976,29.054267658086914,0.8441176470588235,0.9499672161586561,0.5233689857690549,4.9000548379000906,3.2015405815552676,0.3123496249778014,0.4302848575712144,132,hyperramified,118.18453449207855,41.36458707222749,314.0,38.464999999999996,83.698484809835,29.294469683442244,0.7949367088607595,0.7992306774384692,0.5632540459209467,4.723378756490749,1.6638259730122622,0.6010243957122252,0.5508771929824562,86,rod,158.92102059983966,55.62235720994388,1255.0,153.73749999999998,138.91168824543144,48.619090885901,0.9429000751314801,0.5244710074314199,0.8172896720779198,3.9211813338260404,1.1744970087329412,0.8514283072366525,0.7537537537537538,97,rod,170.44104650087885,59.654366275307595,346.0,42.38499999999999,68.87005768508881,24.10452018978108,0.9584487534626038,0.5460893351670167,0.9166954364415167,3.702477238808416,1.1937063781661899,0.8377269471712401,0.7863636363636364
11,1926.7095238095237,505.9238095238095,210.0,67.35533905932738,21.498739615910267,14.246114158725378,25.724999999999998,23.57436867076458,7.524558865568593,4.986139955553882,0.8366533864541833,0.7489302761717914,0.5816813042570917,1.5090949978624764,0.6626488070111077,106,ramified,1.447843913738906,0.5067453698086171,1950.0,238.87499999999997,278.82947314527274,97.59031560084546,0.7006827164929932,0.49416641984816506,0.31518614548006096,6.314244177700593,1.1502617694323312,0.8693673271376416,0.560183855214019,127,rod,51.35130327722305,17.972956147028068,110.0,13.474999999999998,40.970562748477136,14.339696961966997,0.9166666666666666,0.8444079932214097,0.8234906845804335,3.906389884101202,1.8667143285103798,0.5357006076007305,0.6875,98,rod,68.39026027075863,23.936591094765518,976.0,119.55999999999999,121.1543289325507,42.40401512639274,0.9644268774703557,0.761543005187016,0.8355680183741616,3.878055566721895,1.5429375259206448,0.6481143813021962,0.7134502923976608,128,rod,72.79569486847677,25.47849320396687,1306.0,159.98499999999999,144.95331880577405,50.733661582020915,0.9295373665480428,0.6537269536516997,0.7810821524896008,4.011036137710005,1.3214743982880646,0.7567305135048199,0.6500746640119462,94,rod,102.95171392523275,36.03309987383146,411.0,50.3475,80.52691193458118,28.18441917710341,0.9174107142857143,0.7519130918289837,0.7964703185774633,3.97209963835641,1.5168470722154073,0.6592622409452692,0.685
12,232.5,515.5,24.0,15.31370849898476,5.5377492419453835,5.5377492419453835,2.9399999999999995,5.359797974644666,1.938212234680884,1.938212234680884,1.0,0.0,1.2860574036336336,1.0,1.0,104,artifact,16.88864547217621,5.911025915261674,2539.0,311.0275,192.95331880577402,67.5336615820209,0.9709369024856597,0.6952650816970091,0.8569748154583653,3.829313320089105,1.3912977446203636,0.7187534112425842,0.8014520202020202,108,hyperramified,48.39098825339926,16.93684588868974,128.0,15.679999999999998,61.970562748477136,21.689696961966995,0.7032967032967034,0.9565665288680766,0.41884077427733885,5.477475644174329,3.43036569592833,0.291514109177033,0.3710144927536232,111,rod,72.29360238484297,25.30276083469504,750.0,91.87499999999999,111.39696961966999,38.988939366884495,0.9101941747572816,0.5055201699667787,0.7594940467520842,4.067642206560729,1.1589972892610012,0.8628147876321773,0.6122448979591836,139,ameboid,96.15138007654909,33.65298302679218,64.0,7.839999999999999,27.071067811865476,9.474873734152915,0.9846153846153847,0.4333747407394465,1.0974356511007006,3.3838834764831844,1.1096145966786624,0.9012138115281065,0.8888888888888888,99,rod,103.72098979316726,36.30234642760854,1195.0,146.3875,146.22539674441617,51.178888860545655,0.9129106187929718,0.7335670903229027,0.7023153370011678,4.229985276793858,1.4714168979941755,0.6796170421606497,0.7172869147659063
13,896.7407407407408,520.5925925925926,27.0,16.485281374238568,6.025659376849024,5.679488253754415,3.3074999999999997,5.769848480983498,2.1089807818971584,1.9878208888140452,0.9642857142857143,0.33406370115253914,1.2484780172022165,1.060951111724859,0.9425504992159661,115,ameboid,8.548193850341843,2.9918678476196447,141.0,17.272499999999997,44.14213562373095,15.449747468305832,0.9657534246575342,0.8236083555395275,0.9093316245190134,3.7174384315503843,1.7631741449272915,0.5671589518692932,0.8294117647058823,105,hyperramified,49.7931530875344,17.42760358063704,1045.0,128.0125,166.1959594928933,58.168585822512654,0.8544562551103843,0.8299718705162328,0.47542852171795985,5.141174158125314,1.7927403954347143,0.5578052475118764,0.5701036552100381,124,rod,69.82664964062349,24.43932737421822,676.0,82.80999999999999,110.66904755831213,38.734166645409246,0.9234972677595629,0.6556189153682457,0.6935922236305877,4.256501829165851,1.3243420397739638,0.7550919399724547,0.6057347670250895,137,rod,88.17582191642536,30.861537670748874,589.0,72.15249999999999,93.25483399593904,32.63919189857866,0.9639934533551555,0.7867507921705328,0.8511036483010479,3.842498493826598,1.6200346184762369,0.6172707598931277,0.7037037037037036,130,rod,102.23852779179913,35.78348472712969,1497.0,183.38249999999996,165.53910524340094,57.938686835190325,0.9246448424953675,0.8585045327833725,0.6864840599527194,4.278481941683031,1.9500552846155084,0.5128059742148129,0.6253132832080202
14,1896.2820512820513,524.4230769230769,78.0,30.97056274847714,11.549716812087283,8.64725284304377,9.554999999999998,10.839696961966999,4.042400884230549,3.0265384950653194,0.9512195121951219,0.662910944513173,1.0218949976689091,1.3356515672348337,0.7486982567394244,106,ramified,34.28891025874711,12.001118590561488,1950.0,238.87499999999997,278.82947314527274,97.59031560084546,0.7006827164929932,0.49416641984816506,0.31518614548006096,6.314244177700593,1.1502617694323312,0.8693673271376416,0.560183855214019,127,rod,45.9606119853199,16.086214194861963,110.0,13.474999999999998,40.970562748477136,14.339696961966997,0.9166666666666666,0.8444079932214097,0.8234906845804335,3.906389884101202,1.8667143285103798,0.5357006076007305,0.6875,98,rod,73.57046319642207,25.74966211874772,976.0,119.55999999999999,121.1543289325507,42.40401512639274,0.9644268774703557,0.761543005187016,0.8355680183741616,3.878055566721895,1.5429375259206448,0.6481143813021962,0.7134502923976608,128,rod,75.31986706980508,26.36195347443178,1306.0,159.98499999999999,144.95331880577405,50.733661582020915,0.9295373665480428,0.6537269536516997,0.7810821524896008,4.011036137710005,1.3214743982880646,0.7567305135048199,0.6500746640119462,146,rod,105.01053608576797,36.75368763001879,156.0,19.109999999999996,53.798989873223334,18.829646455628165,0.8715083798882681,0.746225881925958,0.6773080221095685,4.307366462488916,1.5021943561435909,0.6656928219109969,0.5777777777777778
15,1996.1666666666667,545.8055555555555,72.0,31.899494936611664,12.327058954718792,7.9648401901910315,8.819999999999999,11.164823227814082,4.314470634151577,2.787694066566861,0.935064935064935,0.7632302858318137,0.8891494139286094,1.5476844055075931,0.6461265594208986,128,rod,51.20911912590035,17.92319169406512,1306.0,159.98499999999999,144.95331880577405,50.733661582020915,0.9295373665480428,0.6537269536516997,0.7810821524896008,4.011036137710005,1.3214743982880646,0.7567305135048199,0.6500746640119462,127,rod,68.67170194442608,24.035095680549126,110.0,13.474999999999998,40.970562748477136,14.339696961966997,0.9166666666666666,0.8444079932214097,0.8234906845804335,3.906389884101202,1.8667143285103798,0.5357006076007305,0.6875,106,ramified,80.23543826535952,28.08240339287583,1950.0,238.87499999999997,278.82947314527274,97.59031560084546,0.7006827164929932,0.49416641984816506,0.31518614548006096,6.314244177700593,1.1502617694323312,0.8693673271376416,0.560183855214019,144,hyperramified,118.02611676804723,41.30914086881653,1167.0,142.95749999999998,235.58073580374358,82.45325753131024,0.5460926532522228,0.8933318205008247,0.2642415889755258,6.896112629095706,2.2252007183846882,0.44939766185493474,0.4400452488687782,146,rod,126.28917071417567,44.20120974996148,156.0,19.109999999999996,53.798989873223334,18.829646455628165,0.8715083798882681,0.746225881925958,0.6773080221095685,4.307366462488916,1.5021943561435909,0.6656928219109969,0.5777777777777778
16,1652.552346570397,558.1768953068593,277.0,87.59797974644667,24.81977598455613,17.85615155923525,33.9325,30.659292911256333,8.686921594594645,6.249653045732337,0.7824858757062146,0.6945624447403467,0.4536296704395637,1.389984616910315,0.719432422369407,122,ramified,24.07677514415997,8.42687130045599,455.0,55.73749999999999,92.18376618407358,32.26431816442575,0.8633776091081594,0.7672150852485291,0.6728408735965828,4.321641616223724,1.5591140254701545,0.641389907129113,0.6463068181818182,113,rod,61.03363437771083,21.36177203219879,104.0,12.739999999999998,42.48528137423857,14.869848480983498,0.9122807017543859,0.907360645564443,0.7240460782918394,4.1660245916869725,2.3789528315838107,0.42035301697606187,0.7647058823529411,133,rod,76.7627608242425,26.866966288484875,1286.0,157.53499999999997,142.12489168102783,49.743712088359736,0.946980854197349,0.5865386966026326,0.8000378594700318,3.9632335200150637,1.2346880098070605,0.8099212044314463,0.6642561983471075,150,rod,81.37468322081146,28.48113912728401,89.0,10.902499999999998,33.89949493661167,11.864823227814083,0.9468085106382979,0.6742509245759721,0.9732253555706228,3.5933392766094703,1.3540918694842154,0.7385023295213404,0.8240740740740741,126,rod,83.65636957345642,29.279729350709744,350.0,42.87499999999999,78.2842712474619,27.399494936611664,0.8728179551122195,0.7365871431230286,0.717676758734055,4.184470311161153,1.4785404995354154,0.676342650278581,0.7
17,808.0,556.5,30.0,17.31370849898476,6.531972647421808,5.819507424745385,3.6749999999999994,6.059797974644665,2.2861904265976327,2.0368275986608846,1.0,0.4541475531146237,1.2576242881690396,1.1224270665326275,0.8909264840602731,130,rod,40.80911667112992,14.283190834895471,1497.0,183.38249999999996,165.53910524340094,57.938686835190325,0.9246448424953675,0.8585045327833725,0.6864840599527194,4.278481941683031,1.9500552846155084,0.5128059742148129,0.6253132832080202,116,rod,44.890084809119486,15.711529683191818,776.0,95.05999999999999,116.32590180780451,40.714065632731575,0.9023255813953488,0.8273899172987488,0.7206406051161363,4.175856513073957,1.7805382490539543,0.5616279237648086,0.6217948717948718,105,hyperramified,71.69574716395249,25.09351150738337,1045.0,128.0125,166.1959594928933,58.168585822512654,0.8544562551103843,0.8299718705162328,0.47542852171795985,5.141174158125314,1.7927403954347143,0.5578052475118764,0.5701036552100381,102,hyperramified,73.60077007140437,25.76026952499153,922.0,112.94499999999998,170.05382386916236,59.51883835420682,0.7569786535303776,0.7816877461567113,0.40065261441590627,5.60042443120868,1.6034120637337066,0.6236699988843787,0.5567632850241546,115,ameboid,97.12959670413365,33.99535884644678,141.0,17.272499999999997,44.14213562373095,15.449747468305832,0.9657534246575342,0.8236083555395275,0.9093316245190134,3.7174384315503843,1.7631741449272915,0.5671589518692932,0.8294117647058823
18,1946.1785714285713,570.3928571428571,28.0,17.071067811865476,6.372167003623255,5.540903367404508,3.4299999999999997,5.974873734152916,2.230258451268139,1.9393161785915776,0.9333333333333333,0.49384890540538456,1.2073870691739297,1.1500231245880996,0.8695477322320515,128,rod,7.797033469946634,2.728961714481322,1306.0,159.98499999999999,144.95331880577405,50.733661582020915,0.9295373665480428,0.6537269536516997,0.7810821524896008,4.011036137710005,1.3214743982880646,0.7567305135048199,0.6500746640119462,127,rod,22.067969815688304,7.723789435490906,110.0,13.474999999999998,40.970562748477136,14.339696961966997,0.9166666666666666,0.8444079932214097,0.8234906845804335,3.906389884101202,1.8667143285103798,0.5357006076007305,0.6875,106,ramified,66.45920630104044,23.260722205364154,1950.0,238.87499999999997,278.82947314527274,97.59031560084546,0.7006827164929932,0.49416641984816506,0.31518614548006096,6.314244177700593,1.1502617694323312,0.8693673271376416,0.560183855214019,146,rod,73.98656696273343,25.8952984369567,156.0,19.109999999999996,53.798989873223334,18.829646455628165,0.8715083798882681,0.746225881925958,0.6773080221095685,4.307366462488916,1.5021943561435909,0.6656928219109969,0.5777777777777778,144,hyperramified,79.3071804716825,27.757513165088874,1167.0,142.95749999999998,235.58073580374358,82.45325753131024,0.5460926532522228,0.8933318205008247,0.2642415889755258,6.896112629095706,2.2252007183846882,0.44939766185493474,0.4400452488687782
19,750.6727272727272,594.1090909090909,110.0,40.04163056034262,15.5308868595292,9.284207668626825,13.474999999999998,14.014570696119915,5.43581040083522,3.2494726840193886,0.9166666666666666,0.8016527972172812,0.8621424721627636,1.6728284646207494,0.5977899235632101,129,hyperramified,38.45198745238502,13.458195608334757,2121.0,259.8225,303.17871555019025,106.11255044256659,0.6570631970260223,0.937759329883961,0.289970031113722,6.5830685041295744,2.879472609785362,0.3472858177576278,0.43722943722943725,116,rod,65.0186069672093,22.756512438523252,776.0,95.05999999999999,116.32590180780451,40.714065632731575,0.9023255813953488,0.8273899172987488,0.7206406051161363,4.175856513073957,1.7805382490539543,0.5616279237648086,0.6217948717948718,130,rod,74.44362255337487,26.0552678936812,1497.0,183.38249999999996,165.53910524340094,57.938686835190325,0.9246448424953675,0.8585045327833725,0.6864840599527194,4.278481941683031,1.9500552846155084,0.5128059742148129,0.6253132832080202,147,rod,86.60757328500203,30.312650649750708,415.0,50.83749999999999,85.698484809835,29.994469683442247,0.9061135371179039,0.8942035098506527,0.7100871831158524,4.206773167024679,2.233834795611261,0.4476606783834981,0.7204861111111112,102,hyperramified,115.0503552736711,40.26762434578488,922.0,112.94499999999998,170.05382386916236,59.51883835420682,0.7569786535303776,0.7816877461567113,0.40065261441590627,5.60042443120868,1.6034120637337066,0.6236699988843787,0.5567632850241546
20,1898.8885941644562,617.8541114058355,377.0,93.74011537017762,28.917886716426857,20.7838886552099,46.1825,32.80904037956216,10.121260350749399,7.274361029323464,0.8004246284501062,0.6952987222932469,0.5391383769089337,1.3913607408196929,0.7187208684721618,146,rod,11.730648674694992,4.1057270361432465,156.0,19.109999999999996,53.798989873223334,18.829646455628165,0.8715083798882681,0.746225881925958,0.6773080221095685,4.307366462488916,1.5021943561435909,0.6656928219109969,0.5777777777777778,152,rod,25.983463957897992,9.094212385264298,50.0,6.124999999999999,24.48528137423857,8.569848480983499,0.9259259259259259,0.7339929762289243,1.0480202401408663,3.4627416997969522,1.4724134670860123,0.6791570590420198,0.7936507936507937,154,hyperramified,43.185070389799286,15.114774636429749,94.0,11.514999999999999,47.55634918610404,16.644722215136415,0.752,0.7337816040264743,0.5223008145697092,4.905062894504979,1.4719185327720563,0.6793854263908923,0.5696969696969697,144,hyperramified,51.580517676135386,18.053181186647382,1167.0,142.95749999999998,235.58073580374358,82.45325753131024,0.5460926532522228,0.8933318205008247,0.2642415889755258,6.896112629095706,2.2252007183846882,0.44939766185493474,0.4400452488687782,127,rod,67.43556007113263,23.60244602489642,110.0,13.474999999999998,40.970562748477136,14.339696961966997,0.9166666666666666,0.8444079932214097,0.8234906845804335,3.906389884101202,1.8667143285103798,0.5357006076007305,0.6875
21,1168.8435114503816,627.8740458015267,262.0,88.42640687119285,32.89182298822525,13.467003864493451,32.095,30.949242404917495,11.512138045878837,4.713451352572708,0.7257617728531855,0.9123401046613181,0.42106311491833615,2.442400946727763,0.4094331855462807,138,rod,32.20744105548367,11.272604369419284,184.0,22.539999999999996,52.62741699796952,18.41959594928933,0.934010152284264,0.7737291583655859,0.8348406299171854,3.879744654780055,1.5784907859349913,0.6335165266154326,0.71875,131,hyperramified,39.4059971664995,13.792099008274825,1622.0,198.69499999999996,216.23759005323592,75.68315651863257,0.739963503649635,0.8031564940914667,0.43591150229996967,5.369152848747453,1.6785054050771628,0.5957681142849992,0.419229775135694,141,artifact,48.94889273045273,17.132112455658454,3787.0,463.9074999999999,388.7350647362943,136.057272657703,0.7922594142259414,0.8756819356934845,0.31491818209668465,6.316929996677453,2.070872125466473,0.4828883385422679,0.5123106060606061,142,rod,76.02766405404597,26.609682418916087,742.0,90.89499999999998,119.84062043356593,41.94421715174807,0.9205955334987593,0.8650533990206599,0.6492406019792886,4.39948758133315,1.993303317584551,0.5016797951311203,0.6486013986013986,160,hyperramified,107.28518421754315,37.5498144761401,446.0,54.63499999999999,99.84062043356595,34.94421715174808,0.839924670433145,0.716367716823034,0.5622509273598563,4.727590396903637,1.4332336656297295,0.697722935192583,0.6255259467040672
22,1082.5,625.3333333333334,30.0,17.65685424949238,6.3456021516217564,5.962847939999438,3.6749999999999994,6.179898987322333,2.2209607530676148,2.0869967789998034,0.9375,0.3420494006638243,1.2092175857965604,1.0641898326896382,0.939681971469879,142,rod,11.68064361533213,4.088225265366245,742.0,90.89499999999998,119.84062043356593,41.94421715174807,0.9205955334987593,0.8650533990206599,0.6492406019792886,4.39948758133315,1.993303317584551,0.5016797951311203,0.6486013986013986,131,hyperramified,58.46640619929103,20.463242169751858,1622.0,198.69499999999996,216.23759005323592,75.68315651863257,0.739963503649635,0.8031564940914667,0.43591150229996967,5.369152848747453,1.6785054050771628,0.5957681142849992,0.419229775135694,120,rod,108.05072571402144,37.8177539999075,845.0,103.51249999999999,124.76955262170047,43.669343417595165,0.868448098663926,0.7075040255482612,0.6821020224723433,4.29220309514399,1.4150089447697436,0.7067093135320953,0.6706349206349206,138,rod,108.11972568429339,37.84190398950268,184.0,22.539999999999996,52.62741699796952,18.41959594928933,0.934010152284264,0.7737291583655859,0.8348406299171854,3.879744654780055,1.5784907859349913,0.6335165266154326,0.71875,141,artifact,132.9441598863818,46.53045596023363,3787.0,463.9074999999999,388.7350647362943,136.057272657703,0.7922594142259414,0.8756819356934845,0.31491818209668465,6.316929996677453,2.070872125466473,0.4828883385422679,0.5123106060606061
23,151.92909535452324,637.2567237163814,409.0,85.01219330881975,26.910851949259335,21.10009199236493,50.10249999999999,29.75426765808691,9.418798182240767,7.3850321973277255,0.8814655172413793,0.6206676970617282,0.7111655816019594,1.2753902664972754,0.7840737272885062,134,artifact,27.79878961502831,9.729576365259907,1813.0,222.09249999999997,171.1959594928933,59.918585822512654,0.9731615673644659,0.8403275646770311,0.7773572392129287,4.020634624485804,1.8447497486993576,0.5420789463205244,0.6867424242424242,143,ameboid,58.52535359678858,20.483873758876,86.0,10.534999999999998,33.071067811865476,11.574873734152916,0.9555555555555556,0.3647873720175478,0.9881249826201274,3.566144954952422,1.074009049380015,0.9310908512151386,0.86,136,rod,89.2626576024944,31.24193016087304,3240.0,396.8999999999999,257.1370849898476,89.99797974644666,0.8712019360043022,0.7848418698242049,0.615779804934187,4.517438108134517,1.6136942319206447,0.6196960862962149,0.5688202247191011,119,ameboid,124.00572796361925,43.40200478726673,87.0,10.657499999999999,31.31370849898476,10.959797974644665,1.0,0.562853806697173,1.1149621073189784,3.3571819394018347,1.2098386989261647,0.8265564664839913,0.8787878787878788,114,rod,130.77402814279748,45.77090984997911,314.0,38.464999999999996,68.2842712474619,23.899494936611664,0.9373134328358209,0.5655478872227164,0.846248972590656,3.853504360867646,1.212539415701728,0.8247154583599858,0.7120181405895691
24,1194.5857605177994,640.5631067961165,309.0,98.91168824543142,28.170917629195433,18.776264262903734,37.85249999999999,34.619090885900995,9.859821170218401,6.5716924920163065,0.744578313253012,0.7454939966375249,0.39689270299947,1.5003473126894957,0.6665123412041295,141,artifact,20.29658666693619,7.103805333427665,3787.0,463.9074999999999,388.7350647362943,136.057272657703,0.7922594142259414,0.8756819356934845,0.31491818209668465,6.316929996677453,2.070872125466473,0.4828883385422679,0.5123106060606061,138,rod,39.06490630455094,13.672717206592827,184.0,22.539999999999996,52.62741699796952,18.41959594928933,0.934010152284264,0.7737291583655859,0.8348406299171854,3.879744654780055,1.5784907859349913,0.6335165266154326,0.71875,131,hyperramified,67.84494126700348,23.745729443451214,1622.0,198.69499999999996,216.23759005323592,75.68315651863257,0.739963503649635,0.8031564940914667,0.43591150229996967,5.369152848747453,1.6785054050771628,0.5957681142849992,0.419229775135694,160,hyperramified,79.68583395978783,27.89004188592574,446.0,54.63499999999999,99.84062043356595,34.94421715174808,0.839924670433145,0.716367716823034,0.5622509273598563,4.727590396903637,1.4332336656297295,0.697722935192583,0.6255259467040672,142,rod,103.36972917234789,36.17940521032176,742.0,90.89499999999998,119.84062043356593,41.94421715174807,0.9205955334987593,0.8650533990206599,0.6492406019792886,4.39948758133315,1.993303317584551,0.5016797951311203,0.6486013986013986
25,1142.025,637.2,40.0,22.485281374238568,9.691401988954722,5.237053321142001,4.8999999999999995,7.8698484809834985,3.3919906961341524,1.8329686623997004,0.9302325581395349,0.8414201973525129,0.9941987258216345,1.8505448378443083,0.5403813944680722,131,hyperramified,33.074210254265815,11.575973588993035,1622.0,198.69499999999996,216.23759005323592,75.68315651863257,0.739963503649635,0.8031564940914667,0.43591150229996967,5.369152848747453,1.6785054050771628,0.5957681142849992,0.419229775135694,142,rod,51.609229712961266,18.06323039953644,742.0,90.89499999999998,119.84062043356593,41.94421715174807,0.9205955334987593,0.8650533990206599,0.6492406019792886,4.39948758133315,1.993303317584551,0.5016797951311203,0.6486013986013986,138,rod,57.94121344518892,20.279424705816123,184.0,22.539999999999996,52.62741699796952,18.41959594928933,0.934010152284264,0.7737291583655859,0.8348406299171854,3.879744654780055,1.5784907859349913,0.6335165266154326,0.71875,141,artifact,72.28669656338711,25.300343797185487,3787.0,463.9074999999999,388.7350647362943,136.057272657703,0.7922594142259414,0.8756819356934845,0.31491818209668465,6.316929996677453,2.070872125466473,0.4828883385422679,0.5123106060606061,160,hyperramified,124.28774686551282,43.50071140292948,446.0,54.63499999999999,99.84062043356595,34.94421715174808,0.839924670433145,0.716367716823034,0.5622509273598563,4.727590396903637,1.4332336656297295,0.697722935192583,0.6255259467040672
26,665.4574468085107,653.4042553191489,94.0,43.21320343559643,17.37656005649591,7.652474539555512,11.514999999999999,15.124621202458748,6.081796019773568,2.678366088844429,0.8103448275862069,0.8978062582447796,0.6325644679046547,2.270711253814275,0.4403906477850185,147,rod,19.591776882371608,6.857121908830062,415.0,50.83749999999999,85.698484809835,29.994469683442247,0.9061135371179039,0.8942035098506527,0.7100871831158524,4.206773167024679,2.233834795611261,0.4476606783834981,0.7204861111111112,129,hyperramified,80.15765935804048,28.055180775314163,2121.0,259.8225,303.17871555019025,106.11255044256659,0.6570631970260223,0.937759329883961,0.289970031113722,6.5830685041295744,2.879472609785362,0.3472858177576278,0.43722943722943725,166,rod,100.76894724341186,35.26913153519415,1732.0,212.16999999999996,183.0538238691624,64.06883835420683,0.9096638655462185,0.8697794357776152,0.6495313850934467,4.3985026867304,2.0265859345845056,0.4934407087972915,0.7075163398692811,171,rod,123.83565779777244,43.34248022922035,1520.0,186.2,172.12489168102786,60.24371208835975,0.867579908675799,0.747248178104957,0.64471250213471,4.4149103179934155,1.50478881498059,0.6645450777176988,0.6333333333333333,173,hyperramified,124.44790650079212,43.55676727527724,1735.0,212.53749999999997,196.61017305526642,68.81356056934324,0.8749369641956631,0.9101344383673262,0.5640237247106014,4.720154844625968,2.413633840325193,0.41431305084174175,0.6884920634920635
27,1931.1333333333334,666.1333333333333,30.0,18.242640687119284,7.302967433402214,5.412742168049184,3.6749999999999994,6.384924240491749,2.556038601690775,1.8944597588172143,1.0,0.6713171133426188,1.1328064426066646,1.3492176805521645,0.7411702458499893,144,hyperramified,18.757137818551765,6.564998236493118,1167.0,142.95749999999998,235.58073580374358,82.45325753131024,0.5460926532522228,0.8933318205008247,0.2642415889755258,6.896112629095706,2.2252007183846882,0.44939766185493474,0.4400452488687782,152,rod,44.439978497844756,15.553992474245664,50.0,6.124999999999999,24.48528137423857,8.569848480983499,0.9259259259259259,0.7339929762289243,1.0480202401408663,3.4627416997969522,1.4724134670860123,0.6791570590420198,0.7936507936507937,146,rod,47.31624639500229,16.5606862382508,156.0,19.109999999999996,53.798989873223334,18.829646455628165,0.8715083798882681,0.746225881925958,0.6773080221095685,4.307366462488916,1.5021943561435909,0.6656928219109969,0.5777777777777778,154,hyperramified,53.10816221655045,18.587856775792655,94.0,11.514999999999999,47.55634918610404,16.644722215136415,0.752,0.7337816040264743,0.5223008145697092,4.905062894504979,1.4719185327720563,0.6793854263908923,0.5696969696969697,164,hyperramified,58.611811475541714,20.5141340164396,240.0,29.399999999999995,76.87005768508881,26.90452018978108,0.7164179104477612,0.9259100486568046,0.5103953297048923,4.96194088727254,2.6472950381084415,0.3777440691742939,0.48582995951417
28,1182.5,671.0,30.0,17.31370849898476,6.531972647421808,5.819507424745385,3.6749999999999994,6.059797974644665,2.2861904265976327,2.0368275986608846,1.0,0.4541475531146237,1.2576242881690396,1.1224270665326275,0.8909264840602731,141,artifact,38.68925834214413,13.541240419750444,3787.0,463.9074999999999,388.7350647362943,136.057272657703,0.7922594142259414,0.8756819356934845,0.31491818209668465,6.316929996677453,2.070872125466473,0.4828883385422679,0.5123106060606061,138,rod,69.18204445724011,24.213715560034036,184.0,22.539999999999996,52.62741699796952,18.41959594928933,0.934010152284264,0.7737291583655859,0.8348406299171854,3.879744654780055,1.5784907859349913,0.6335165266154326,0.71875,160,hyperramified,73.29979084287929,25.65492679500775,446.0,54.63499999999999,99.84062043356595,34.94421715174808,0.839924670433145,0.716367716823034,0.5622509273598563,4.727590396903637,1.4332336656297295,0.697722935192583,0.6255259467040672,131,hyperramified,80.51308394412477,28.17957938044367,1622.0,198.69499999999996,216.23759005323592,75.68315651863257,0.739963503649635,0.8031564940914667,0.43591150229996967,5.369152848747453,1.6785054050771628,0.5957681142849992,0.419229775135694,142,rod,102.5823237821654,35.90381332375789,742.0,90.89499999999998,119.84062043356593,41.94421715174807,0.9205955334987593,0.8650533990206599,0.6492406019792886,4.39948758133315,1.993303317584551,0.5016797951311203,0.6486013986013986
29,842.2976744186046,678.8232558139534,215.0,54.62741699796952,20.001706074823044,13.787262078902843,26.337499999999995,19.11959594928933,7.000597126188065,4.825541727615995,0.9429824561403509,0.724471929675619,0.9053718606040558,1.450738076955068,0.6893043037092434,156,rod,45.04841659585705,15.766945808549966,1162.0,142.34499999999997,139.39696961967,48.78893936688449,0.9401294498381877,0.7502513493633823,0.7514659844752698,4.089312204049977,1.5125098589980974,0.6611527151713316,0.6775510204081633,130,rod,86.9901980496069,30.446569317362414,1497.0,183.38249999999996,165.53910524340094,57.938686835190325,0.9246448424953675,0.8585045327833725,0.6864840599527194,4.278481941683031,1.9500552846155084,0.5128059742148129,0.6253132832080202,137,rod,105.1552109705048,36.80432383967668,589.0,72.15249999999999,93.25483399593904,32.63919189857866,0.9639934533551555,0.7867507921705328,0.8511036483010479,3.842498493826598,1.6200346184762369,0.6172707598931277,0.7037037037037036,145,rod,108.74950179436526,38.062325628027835,58.0,7.104999999999999,27.899494936611667,9.764823227814082,0.9206349206349206,0.8097015659651967,0.9363650062762233,3.6633831587143693,1.7040365731974922,0.5868418646224111,0.7532467532467533,166,rod,114.46781429992953,40.063735004975335,1732.0,212.16999999999996,183.0538238691624,64.06883835420683,0.9096638655462185,0.8697794357776152,0.6495313850934467,4.3985026867304,2.0265859345845056,0.4934407087972915,0.7075163398692811
30,1256.5,673.5,24.0,15.31370849898476,5.5377492419453835,5.5377492419453835,2.9399999999999995,5.359797974644666,1.938212234680884,1.938212234680884,1.0,0.0,1.2860574036336336,1.0,1.0,160,hyperramified,23.799647874603846,8.329876756111345,446.0,54.63499999999999,99.84062043356595,34.94421715174808,0.839924670433145,0.716367716823034,0.5622509273598563,4.727590396903637,1.4332336656297295,0.697722935192583,0.6255259467040672,141,artifact,50.039294537750024,17.513753088212507,3787.0,463.9074999999999,388.7350647362943,136.057272657703,0.7922594142259414,0.8756819356934845,0.31491818209668465,6.316929996677453,2.070872125466473,0.4828883385422679,0.5123106060606061,135,ameboid,88.43015110809205,30.950552887832213,200.0,24.499999999999996,51.21320343559643,17.92462120245875,0.9615384615384616,0.6548701247611671,0.958243705693595,3.6213203435596424,1.3232038776187263,0.7557414370638236,0.78125,138,rod,98.92988763052288,34.625460670683005,184.0,22.539999999999996,52.62741699796952,18.41959594928933,0.934010152284264,0.7737291583655859,0.8348406299171854,3.879744654780055,1.5784907859349913,0.6335165266154326,0.71875,176,rod,112.34384634794169,39.32034622177959,228.0,27.929999999999996,56.62741699796952,19.81959594928933,0.95,0.6327745056511137,0.8934931075141368,3.750242305541285,1.2914288454603708,0.7743361188773186,0.7450980392156863
31,1916.8148148148148,673.1851851851852,27.0,16.48528137423857,6.666666666666667,5.172471185213657,3.3074999999999997,5.7698484809835,2.3333333333333335,1.8103649148247798,1.0,0.6308919807368173,1.248478017202216,1.288874587783961,0.7758706777820484,144,hyperramified,32.96453054067348,11.537585689235717,1167.0,142.95749999999998,235.58073580374358,82.45325753131024,0.5460926532522228,0.8933318205008247,0.2642415889755258,6.896112629095706,2.2252007183846882,0.44939766185493474,0.4400452488687782,152,rod,38.2577125857103,13.390199404998604,50.0,6.124999999999999,24.48528137423857,8.569848480983499,0.9259259259259259,0.7339929762289243,1.0480202401408663,3.4627416997969522,1.4724134670860123,0.6791570590420198,0.7936507936507937,154,hyperramified,41.49559297142509,14.52345753999878,94.0,11.514999999999999,47.55634918610404,16.644722215136415,0.752,0.7337816040264743,0.5223008145697092,4.905062894504979,1.4719185327720563,0.6793854263908923,0.5696969696969697,146,rod,46.498816937018994,16.274585927956647,156.0,19.109999999999996,53.798989873223334,18.829646455628165,0.8715083798882681,0.746225881925958,0.6773080221095685,4.307366462488916,1.5021943561435909,0.6656928219109969,0.5777777777777778,165,rod,54.18393998238109,18.96437899383338,627.0,76.80749999999999,148.08326112068522,51.829141392239826,0.7116912599318955,0.4975759490031652,0.35930682354160354,5.913875801219035,1.1528435158175065,0.8674204142015564,0.526890756302521
32,1452.2636363636364,705.8,110.0,48.2842712474619,22.175790941981038,7.094841466614659,13.474999999999998,16.899494936611664,7.761526829693363,2.4831945133151305,0.8148148148148148,0.9474390408641243,0.592913292897912,3.1256217698916866,0.31993634342860794,155,artifact,29.889171583581994,10.461210054253698,1824.0,223.43999999999997,165.88225099390857,58.058787847868,0.9519832985386222,0.6391631141143371,0.8329805445282724,3.884074066853203,1.3002697247798767,0.7690712018764342,0.7463175122749591,163,rod,62.676810744256244,21.936883760489685,86.0,10.534999999999998,32.72792206135785,11.454772721475248,0.9555555555555556,0.65500211805367,1.0089541958843917,3.5291425970622097,1.3234042001110442,0.7556270411685954,0.7818181818181819,151,rod,85.64921090982493,29.977223818438723,267.0,32.707499999999996,62.62741699796952,21.91959594928933,0.967391304347826,0.8036643722852475,0.8554450650981819,3.8327356771537477,1.6804383298242094,0.5950828318136554,0.7946428571428571,158,rod,89.9729013338176,31.490515466836158,527.0,64.55749999999999,96.66904755831213,33.83416664540924,0.9495495495495495,0.8970377670953946,0.7086725319094198,4.210969851336362,2.262679464125662,0.44195389398047913,0.6099537037037037,140,rod,105.73080942509343,37.005783298782696,181.0,22.172499999999996,54.38477631085023,19.03467170879758,0.8916256157635468,0.7751489354482558,0.7690131136926616,4.042388587681653,1.5828331153071895,0.6317785433784814,0.7182539682539683
33,1380.7391304347825,713.8695652173913,46.0,24.242640687119284,9.310143971450543,6.430510475658597,5.634999999999999,8.484924240491749,3.2585503900076898,2.2506786664805087,0.9387755102040817,0.7231420297036096,0.9835758264463794,1.4478079161354638,0.6906993592556343,163,rod,12.590119663628636,4.406541882270022,86.0,10.534999999999998,32.72792206135785,11.454772721475248,0.9555555555555556,0.65500211805367,1.0089541958843917,3.5291425970622097,1.3234042001110442,0.7556270411685954,0.7818181818181819,170,hyperramified,56.557934945120365,19.795277230792127,1218.0,149.20499999999998,179.53910524340094,62.83868683519032,0.8268839103869654,0.7480864277928471,0.47483097224513604,5.14440808785472,1.5069289154409002,0.6636013084316044,0.6327272727272727,151,rod,68.31495134033838,23.910232969118432,267.0,32.707499999999996,62.62741699796952,21.91959594928933,0.967391304347826,0.8036643722852475,0.8554450650981819,3.8327356771537477,1.6804383298242094,0.5950828318136554,0.7946428571428571,155,artifact,91.21976153474542,31.926916537160892,1824.0,223.43999999999997,165.88225099390857,58.058787847868,0.9519832985386222,0.6391631141143371,0.8329805445282724,3.884074066853203,1.3002697247798767,0.7690712018764342,0.7463175122749591,179,hyperramified,129.99503169551494,45.49826109343022,1504.0,184.23999999999998,231.33809511662426,80.96833329081849,0.7251687560270009,0.9280295541627386,0.35315339844849175,5.9651756593080965,2.6845163915558343,0.37250657256014796,0.40692640692640697
34,1871.4074074074074,722.2592592592592,27.0,16.485281374238568,6.025659376849024,5.679488253754414,3.3074999999999997,5.769848480983498,2.1089807818971584,1.9878208888140447,0.9642857142857143,0.3340637011525398,1.2484780172022165,1.0609511117248591,0.942550499215966,167,rod,17.195204461119072,6.018321561391675,1488.0,182.27999999999997,173.09545442950497,60.583409050326736,0.9495851946394385,0.6651367418323241,0.6240817299393291,4.4872906205202066,1.339187228290123,0.74672157774145,0.688888888888889,165,rod,29.03417419399857,10.1619609678995,627.0,76.80749999999999,148.08326112068522,51.829141392239826,0.7116912599318955,0.4975759490031652,0.35930682354160354,5.913875801219035,1.1528435158175065,0.8674204142015564,0.526890756302521,174,ameboid,48.08662455472636,16.830318594154225,281.0,34.42249999999999,63.698484809834994,22.294469683442248,0.9656357388316151,0.8094377669917152,0.8702779500007621,3.7999330238847486,1.7029808250884428,0.5872056721179264,0.7317708333333334,154,hyperramified,66.52011660889953,23.282040813114833,94.0,11.514999999999999,47.55634918610404,16.644722215136415,0.752,0.7337816040264743,0.5223008145697092,4.905062894504979,1.4719185327720563,0.6793854263908923,0.5696969696969697,152,rod,81.99530788208337,28.698357758729177,50.0,6.124999999999999,24.48528137423857,8.569848480983499,0.9259259259259259,0.7339929762289243,1.0480202401408663,3.4627416997969522,1.4724134670860123,0.6791570590420198,0.7936507936507937
35,518.8765432098766,760.0576131687243,243.0,82.59797974644665,21.02383125812916,18.01799232954426,29.767499999999995,28.909292911256326,7.358340940345205,6.30629731534049,0.7617554858934169,0.5152713998037508,0.4475868179039046,1.1668242983795813,0.857027061733924,172,rod,24.507459691939413,8.577610892178795,61.0,7.472499999999999,29.899494936611667,10.464823227814083,0.8970588235294118,0.7969542799276258,0.8574562978380703,3.8282380432531795,1.6555205136128601,0.6040396309059857,0.6777777777777778,168,ameboid,44.14034938528566,15.44912228484998,313.0,38.342499999999994,64.28427124746189,22.499494936611658,0.963076923076923,0.5365695863609372,0.9517979207130896,3.63356184215406,1.185036201128776,0.8438560771793094,0.7825,189,ameboid,70.38934442334289,24.63627054817001,495.0,60.63749999999999,83.01219330881976,29.054267658086914,0.9630350194552529,0.6896448227671486,0.9026747315528997,3.7311206207718897,1.3809335842569754,0.7241477876997681,0.7366071428571428,171,rod,86.4148018069867,30.245180632445344,1520.0,186.2,172.12489168102786,60.24371208835975,0.867579908675799,0.747248178104957,0.64471250213471,4.4149103179934155,1.50478881498059,0.6645450777176988,0.6333333333333333,181,ramified,103.44594397417771,36.20608039096219,1404.0,171.98999999999998,170.71067811865476,59.74873734152916,0.8493647912885662,0.7407433722403737,0.6054183732572133,4.555930953659113,1.488564614735848,0.6717881038556422,0.624
36,1616.021505376344,798.5752688172043,186.0,69.18376618407358,26.140264800983807,11.275023038830943,22.784999999999997,24.21431816442575,9.149092680344332,3.9462580635908298,0.7560975609756098,0.9021952807626824,0.488331127101093,2.318422295986206,0.4313278050039722,192,ameboid,51.09389826381292,17.88286439233452,165.0,20.2125,45.79898987322333,16.029646455628164,0.9649122807017544,0.4253358319205775,0.9885121446146802,3.5654465259968644,1.1049289159285052,0.9050355960316866,0.7857142857142857,175,hyperramified,69.40574068445139,24.292009239557984,1784.0,218.53999999999996,212.5512985522207,74.39295449327723,0.8442972077614765,0.9364558336217598,0.49622334153323167,5.032297843909675,2.850744916885762,0.35078550665011077,0.4164332399626517,196,rod,77.82873805328148,27.24005831864852,468.0,57.32999999999999,88.76955262170046,31.069343417595157,0.9230769230769231,0.8655805068505612,0.7463244246267425,4.10337402150692,1.9969255590570982,0.5007697935781726,0.6563814866760168,182,rod,90.24703464225664,31.586462124789822,807.0,98.85749999999999,111.35533905932738,38.97436867076458,0.9427570093457944,0.4397047027373223,0.8178267460085612,3.9198935854448393,1.113409185112051,0.8981424020670014,0.7911764705882353,194,rod,93.47337546143906,32.71568141150367,332.0,40.669999999999995,67.69848480983501,23.69446968344225,0.9485714285714286,0.4729311758949319,0.9103115444219722,3.715437043787416,1.1349457644422125,0.8810993717320635,0.7545454545454546
37,1906.9929577464789,794.7042253521126,142.0,42.970562748477136,15.102013534950993,12.086271848428881,17.394999999999996,15.039696961966996,5.285704737232847,4.230195146950108,0.9466666666666667,0.5995882650864477,0.96639822989327,1.2495179426991074,0.800308635696644,174,ameboid,33.94609486498991,11.881133202746467,281.0,34.42249999999999,63.698484809834994,22.294469683442248,0.9656357388316151,0.8094377669917152,0.8702779500007621,3.7999330238847486,1.7029808250884428,0.5872056721179264,0.7317708333333334,186,rod,52.63207527786317,18.42122634725211,283.0,34.6675,62.62741699796952,21.91959594928933,0.9593220338983051,0.6604196040670625,0.9067076907220429,3.7228135185804914,1.3317409944407002,0.750896761588372,0.7839335180055402,165,rod,70.22040033802857,24.57714011831,627.0,76.80749999999999,148.08326112068522,51.829141392239826,0.7116912599318955,0.4975759490031652,0.35930682354160354,5.913875801219035,1.1528435158175065,0.8674204142015564,0.526890756302521,167,rod,81.74717453807521,28.611511088326324,1488.0,182.27999999999997,173.09545442950497,60.583409050326736,0.9495851946394385,0.6651367418323241,0.6240817299393291,4.4872906205202066,1.339187228290123,0.74672157774145,0.688888888888889,164,hyperramified,98.75991131575803,34.565968960515306,240.0,29.399999999999995,76.87005768508881,26.90452018978108,0.7164179104477612,0.9259100486568046,0.5103953297048923,4.96194088727254,2.6472950381084415,0.3777440691742939,0.48582995951417
38,1573.6538461538462,847.6538461538462,26.0,15.899494936611665,6.115263665954397,5.378017936291856,3.1849999999999996,5.564823227814083,2.140342283084039,1.8823062777021495,1.0,0.4760065949973937,1.2924583435681247,1.137085026192916,0.8794417101314829,196,rod,13.375838997514432,4.681543649130051,468.0,57.32999999999999,88.76955262170046,31.069343417595157,0.9230769230769231,0.8655805068505612,0.7463244246267425,4.10337402150692,1.9969255590570982,0.5007697935781726,0.6563814866760168,192,ameboid,16.46777587980555,5.763721557931943,165.0,20.2125,45.79898987322333,16.029646455628164,0.9649122807017544,0.4253358319205775,0.9885121446146802,3.5654465259968644,1.1049289159285052,0.9050355960316866,0.7857142857142857,194,rod,37.736603263450135,13.207811142207547,332.0,40.669999999999995,67.69848480983501,23.69446968344225,0.9485714285714286,0.4729311758949319,0.9103115444219722,3.715437043787416,1.1349457644422125,0.8810993717320635,0.7545454545454546,182,rod,61.672398618713316,21.58533951654966,807.0,98.85749999999999,111.35533905932738,38.97436867076458,0.9427570093457944,0.4397047027373223,0.8178267460085612,3.9198935854448393,1.113409185112051,0.8981424020670014,0.7911764705882353,185,rod,105.43323909952927,36.90163368483525,1269.0,155.4525,146.46803743153546,51.26381310103741,0.8930330752990852,0.56403827162914,0.7433370185141779,4.1116113032603465,1.21102226876003,0.8257486470698044,0.6409090909090909
39,1076.5,865.5,24.0,15.31370849898476,5.5377492419453835,5.5377492419453835,2.9399999999999995,5.359797974644666,1.938212234680884,1.938212234680884,1.0,0.0,1.2860574036336336,1.0,1.0,195,hyperramified,8.753148026128118,3.063601809144841,1650.0,202.12499999999997,204.36753236814712,71.52863632885149,0.786463298379409,0.8940933147950503,0.4964437026419084,5.0311808533924545,2.2327372951222064,0.44788072568352294,0.5198487712665406,207,rod,38.69767399449317,13.544185898072609,563.0,68.96749999999999,95.84062043356595,33.54421715174808,0.9259868421052632,0.7280608843533654,0.7702275095243061,4.03920057095233,1.458762665124641,0.6855124715675095,0.6726403823178017,206,rod,65.96034515813128,23.086120805345946,373.0,45.692499999999995,77.11269837220809,26.98944443027283,0.9443037974683545,0.8218550771493034,0.7882552916167463,3.9927441732251565,1.7553202444559417,0.5696966141411696,0.71455938697318,177,rod,84.30589693662681,29.50706392781938,833.0,102.04249999999999,141.63961030678928,49.573863607376246,0.8956989247311828,0.6564009579762878,0.5217775857916169,4.907521630808539,1.3255352802434375,0.7544122098480456,0.6282051282051282,180,rod,89.73587015256656,31.407554553398295,378.0,46.30499999999999,73.4558441227157,25.709545442950496,0.9545454545454546,0.7249663760343102,0.880337001718328,3.7781609408094243,1.4518334135231257,0.6887842576741132,0.7957894736842105
40,675.3888888888889,882.6111111111111,54.0,23.899494936611664,8.566371229953948,7.962876829852851,6.614999999999999,8.364823227814082,2.9982299304838813,2.7870068904484975,1.0,0.3686941782006208,1.1880266351201203,1.0757884886324744,0.9295507533001998,198,rod,39.67093623000099,13.884827680500345,1312.0,160.71999999999997,159.0538238691624,55.668838354206834,0.8943421949556919,0.6196499587622191,0.6517116280234239,4.3911391244778635,1.2740828915314069,0.7848782890397594,0.6203309692671395,205,hyperramified,45.062693104066,15.7719425864231,1138.0,139.40499999999997,169.4386001800126,59.3035100630044,0.8621212121212121,0.9549678109617761,0.49811247249016616,5.022746085020514,3.3703008127429177,0.29670942018559776,0.4410852713178295,184,rod,76.46568121512692,26.76298842529442,87.0,10.657499999999999,35.89949493661167,12.564823227814083,0.9157894736842105,0.775139189653044,0.8483058059868817,3.8488298515887314,1.5828031586906535,0.6317905006123646,0.7435897435897436,215,ramified,95.01145298023542,33.25400854308239,2784.0,341.03999999999996,322.0071426749364,112.70249993622774,0.6991461577096936,0.40637983048219517,0.33740233557742627,6.102824622007552,1.0944460571669887,0.9137042373641825,0.4540117416829746,181,ramified,96.12396878067794,33.64338907323728,1404.0,171.98999999999998,170.71067811865476,59.74873734152916,0.8493647912885662,0.7407433722403737,0.6054183732572133,4.555930953659113,1.488564614735848,0.6717881038556422,0.624
41,1091.375,883.15625,32.0,17.899494936611664,6.910158200998827,5.840298677051427,3.9199999999999995,6.264823227814082,2.4185553703495892,2.0441045369679993,1.0,0.5344883724417774,1.2550998818335766,1.1831857552339322,0.845175827697728,207,rod,25.88378030146539,9.059323105512886,563.0,68.96749999999999,95.84062043356595,33.54421715174808,0.9259868421052632,0.7280608843533654,0.7702275095243061,4.03920057095233,1.458762665124641,0.6855124715675095,0.6726403823178017,195,hyperramified,27.249348533321278,9.537271986662446,1650.0,202.12499999999997,204.36753236814712,71.52863632885149,0.786463298379409,0.8940933147950503,0.4964437026419084,5.0311808533924545,2.2327372951222064,0.44788072568352294,0.5198487712665406,206,rod,73.57381053999643,25.75083368899875,373.0,45.692499999999995,77.11269837220809,26.98944443027283,0.9443037974683545,0.8218550771493034,0.7882552916167463,3.9927441732251565,1.7553202444559417,0.5696966141411696,0.71455938697318,180,rod,93.88919276680558,32.86121746838195,378.0,46.30499999999999,73.4558441227157,25.709545442950496,0.9545454545454546,0.7249663760343102,0.880337001718328,3.7781609408094243,1.4518334135231257,0.6887842576741132,0.7957894736842105,217,hyperramified,100.09790901030749,35.03426815360762,151.0,18.4975,58.384776310850235,20.43467170879758,0.8342541436464088,0.9161211638884043,0.5566568658226698,4.751285712970571,2.4943782920194577,0.40090150046583206,0.6239669421487603
42,669.3225806451613,897.5806451612904,31.0,18.242640687119284,6.584439134024812,6.024576789640647,3.7974999999999994,6.384924240491749,2.304553696908684,2.1086018763742262,0.9393939393939394,0.4035175595819058,1.17056665736022,1.0929297382924652,0.9149719007210347,198,rod,41.21036305967083,14.423627070884791,1312.0,160.71999999999997,159.0538238691624,55.668838354206834,0.8943421949556919,0.6196499587622191,0.6517116280234239,4.3911391244778635,1.2740828915314069,0.7848782890397594,0.6203309692671395,205,hyperramified,44.40234171624665,15.540819600686328,1138.0,139.40499999999997,169.4386001800126,59.3035100630044,0.8621212121212121,0.9549678109617761,0.49811247249016616,5.022746085020514,3.3703008127429177,0.29670942018559776,0.4410852713178295,215,ramified,78.9275254281629,27.624633899857013,2784.0,341.03999999999996,322.0071426749364,112.70249993622774,0.6991461577096936,0.40637983048219517,0.33740233557742627,6.102824622007552,1.0944460571669887,0.9137042373641825,0.4540117416829746,184,rod,92.27048941086005,32.29467129380102,87.0,10.657499999999999,35.89949493661167,12.564823227814083,0.9157894736842105,0.775139189653044,0.8483058059868817,3.8488298515887314,1.5828031586906535,0.6317905006123646,0.7435897435897436,181,ramified,103.08951054643123,36.081328691250924,1404.0,171.98999999999998,170.71067811865476,59.74873734152916,0.8493647912885662,0.7407433722403737,0.6054183732572133,4.555930953659113,1.488564614735848,0.6717881038556422,0.624
43,685.9166666666666,900.25,36.0,19.65685424949238,7.752034770401664,5.8987156065852595,4.409999999999999,6.879898987322332,2.7132121696405824,2.0645504623048407,0.972972972972973,0.6488400644580995,1.1708043566345168,1.3141902894500255,0.7609248128126782,205,hyperramified,27.690936563775608,9.691827797321462,1138.0,139.40499999999997,169.4386001800126,59.3035100630044,0.8621212121212121,0.9549678109617761,0.49811247249016616,5.022746085020514,3.3703008127429177,0.29670942018559776,0.4410852713178295,198,rod,56.42240085214433,19.747840298250512,1312.0,160.71999999999997,159.0538238691624,55.668838354206834,0.8943421949556919,0.6196499587622191,0.6517116280234239,4.3911391244778635,1.2740828915314069,0.7848782890397594,0.6203309692671395,215,ramified,85.80508898456296,30.031781144597034,2784.0,341.03999999999996,322.0071426749364,112.70249993622774,0.6991461577096936,0.40637983048219517,0.33740233557742627,6.102824622007552,1.0944460571669887,0.9137042373641825,0.4540117416829746,184,rod,93.17996332615925,32.61298716415574,87.0,10.657499999999999,35.89949493661167,12.564823227814083,0.9157894736842105,0.775139189653044,0.8483058059868817,3.8488298515887314,1.5828031586906535,0.6317905006123646,0.7435897435897436,181,ramified,116.02182404451865,40.607638415581526,1404.0,171.98999999999998,170.71067811865476,59.74873734152916,0.8493647912885662,0.7407433722403737,0.6054183732572133,4.555930953659113,1.488564614735848,0.6717881038556422,0.624
44,986.8978388998036,911.3143418467583,509.0,87.01219330881976,30.167469274666068,21.843230499545015,62.35249999999999,30.454267658086913,10.558614246133123,7.645130674840755,0.9585687382297552,0.6897309812291776,0.8448262787000022,1.3810900944937812,0.7240657245945534,212,rod,17.508991158849465,6.128146905597313,286.0,35.035,73.698484809835,25.794469683442248,0.8773006134969326,0.9189858405503173,0.6616964106608301,4.357882763366854,2.5362008844831343,0.39429053357648175,0.6008403361344538,206,rod,34.940620584406865,12.229217204542403,373.0,45.692499999999995,77.11269837220809,26.98944443027283,0.9443037974683545,0.8218550771493034,0.7882552916167463,3.9927441732251565,1.7553202444559417,0.5696966141411696,0.71455938697318,203,hyperramified,65.88143312165677,23.05850159257987,690.0,84.52499999999999,171.25483399593904,59.939191898578656,0.5862361937128292,0.7479588547413215,0.2956468638681597,6.5195601086354795,1.5066024698202591,0.6637450953596951,0.38851351351351354,219,ramified,69.00610665229921,24.152137328304722,2201.0,269.62249999999995,215.3380951166243,75.3683332908185,0.8293142426525999,0.7974313575914338,0.5964694057690503,4.589980554868806,1.6572488801673124,0.6034096700665998,0.5580628803245437,207,rod,89.68518536172641,31.38981487660424,563.0,68.96749999999999,95.84062043356595,33.54421715174808,0.9259868421052632,0.7280608843533654,0.7702275095243061,4.03920057095233,1.458762665124641,0.6855124715675095,0.6726403823178017
45,1015.8432432432433,965.6216216216217,185.0,51.45584412271571,18.127338507667066,13.37533163566512,22.662499999999998,18.009545442950497,6.344568477683473,4.681366072482792,0.9343434343434344,0.6749602052113252,0.8780357080676352,1.355281424150321,0.7378541328616963,219,ramified,23.208031075994118,8.12281087659794,2201.0,269.62249999999995,215.3380951166243,75.3683332908185,0.8293142426525999,0.7974313575914338,0.5964694057690503,4.589980554868806,1.6572488801673124,0.6034096700665998,0.5580628803245437,212,rod,44.289320330635235,15.501262115722332,286.0,35.035,73.698484809835,25.794469683442248,0.8773006134969326,0.9189858405503173,0.6616964106608301,4.357882763366854,2.5362008844831343,0.39429053357648175,0.6008403361344538,206,rod,67.13342977583325,23.496700421541636,373.0,45.692499999999995,77.11269837220809,26.98944443027283,0.9443037974683545,0.8218550771493034,0.7882552916167463,3.9927441732251565,1.7553202444559417,0.5696966141411696,0.71455938697318,207,rod,86.18587839889503,30.165057439613257,563.0,68.96749999999999,95.84062043356595,33.54421715174808,0.9259868421052632,0.7280608843533654,0.7702275095243061,4.03920057095233,1.458762665124641,0.6855124715675095,0.6726403823178017,224,ramified,93.3319793229272,32.66619276302452,1250.0,153.12499999999997,269.1726188957803,94.21041661352311,0.684931506849315,0.5526545415828639,0.21679942054304424,7.613351365237939,1.1998889799836967,0.8334104377003174,0.4370629370629371
46,1351.485294117647,981.2058823529412,68.0,29.556349186104043,10.345686677220783,8.502064824330759,8.329999999999998,10.344722215136414,3.620990337027274,2.9757226885157655,0.8947368421052632,0.569778917413709,0.978176441832853,1.2168440127172455,0.8217980197535534,228,rod,12.79708829872389,4.478980904553361,226.0,27.684999999999995,59.21320343559643,20.72462120245875,0.9535864978902954,0.8021348570946751,0.8099928570459698,3.9388037024788054,1.6746409623549805,0.5971429234561061,0.70625,222,rod,20.671360046188802,7.2349760161660805,125.0,15.312499999999998,40.384776310850235,14.134671708797582,0.9541984732824428,0.6935250231074096,0.963129119539889,3.612124203487372,1.3880550180038103,0.7204325383572476,0.744047619047619,211,rod,47.86705968663101,16.753470890320852,1491.0,182.64749999999998,161.4386001800126,56.503510063004406,0.9442685243825206,0.8611911941269298,0.7189070476022537,4.180888268338275,1.9674150822937706,0.5082811497175876,0.6090686274509803,232,artifact,88.87727370256322,31.107045795897122,1471.0,180.19749999999996,149.63961030678928,52.373863607376244,0.9564369310793238,0.640763958310297,0.8255234219542119,3.901577447089945,1.3025277812584153,0.767737943396391,0.7633627400103788,208,rod,95.170625865727,33.30971905300445,223.0,27.317499999999995,55.79898987322333,19.529646455628164,0.9449152542372882,0.7082431452801291,0.9000405017224046,3.7365767353257895,1.4164936189473332,0.7059685879440457,0.7824561403508772
47,1752.1044776119404,995.4427860696518,201.0,59.698484809834994,20.297481541248573,13.76650145398944,24.622499999999995,20.894469683442246,7.104118539437,4.818275508896304,0.8854625550660793,0.734843299183268,0.7087275322405682,1.4744110265841361,0.678236924419078,235,rod,50.452188768195704,17.658266068868496,137.0,16.7825,41.55634918610404,14.544722215136414,0.9513888888888888,0.45638705965942417,0.9969093228892466,3.5503985153899675,1.1238716111423515,0.8897813505437306,0.8154761904761906,238,ameboid,59.85155849298796,20.948045472545786,176.0,21.56,47.55634918610404,16.644722215136415,0.9617486338797814,0.4486895933541589,0.977924929407115,3.5846946965779662,1.1189591568234978,0.8936876684925666,0.838095238095238,216,hyperramified,79.64135544467533,27.874474405636363,2115.0,259.0875,253.7228714274745,88.80300499961606,0.8239189715621348,0.8982395899327208,0.41285828125474383,5.5170183935956905,2.275281116117988,0.4395061308758929,0.48046342571558376,213,rod,86.08478253662972,30.1296738878204,863.0,105.71749999999999,129.49747468305833,45.32411613907041,0.8970893970893971,0.878677574866618,0.6466928525282416,4.408145303476026,2.094610772958265,0.4774156673450495,0.6290087463556852,220,hyperramified,96.82752707552376,33.889634476433315,1670.0,204.57499999999996,195.4386001800126,68.4035100630044,0.8186274509803921,0.8659909103357363,0.5494214977057429,4.782468385309069,1.9997610699589636,0.5000597396470573,0.5500658761528328
48,1746.641958041958,1028.5230769230768,715.0,105.25483399593904,37.83918906699134,25.091701576423034,87.58749999999999,36.83919189857866,13.243716173446968,8.78209555174806,0.9432717678100264,0.7485182885009798,0.8110204489005267,1.5080359915704662,0.6631141468703288,238,ameboid,26.850416202308377,9.39764567080793,176.0,21.56,47.55634918610404,16.644722215136415,0.9617486338797814,0.4486895933541589,0.977924929407115,3.5846946965779662,1.1189591568234978,0.8936876684925666,0.838095238095238,235,rod,29.386200306145028,10.285170107150758,137.0,16.7825,41.55634918610404,14.544722215136414,0.9513888888888888,0.45638705965942417,0.9969093228892466,3.5503985153899675,1.1238716111423515,0.8897813505437306,0.8154761904761906,220,hyperramified,97.66715414464505,34.18350395062576,1670.0,204.57499999999996,195.4386001800126,68.4035100630044,0.8186274509803921,0.8659909103357363,0.5494214977057429,4.782468385309069,1.9997610699589636,0.5000597396470573,0.5500658761528328,216,hyperramified,100.59090201228733,35.20681570430056,2115.0,259.0875,253.7228714274745,88.80300499961606,0.8239189715621348,0.8982395899327208,0.41285828125474383,5.5170183935956905,2.275281116117988,0.4395061308758929,0.48046342571558376,213,rod,108.23937268776373,37.8837804407173,863.0,105.71749999999999,129.49747468305833,45.32411613907041,0.8970893970893971,0.878677574866618,0.6466928525282416,4.408145303476026,2.094610772958265,0.4774156673450495,0.6290087463556852
49,1096.561403508772,1044.6754385964912,114.0,46.04163056034261,20.420246455794995,7.822888936793242,13.964999999999998,16.114570696119912,7.147086259528248,2.7380111278776345,0.8571428571428571,0.923709057446126,0.6757924319460757,2.6103203842959912,0.3830947365756798,234,hyperramified,40.20844816593304,14.072956858076564,2253.0,275.99249999999995,235.3380951166243,82.3683332908185,0.8252747252747252,0.7271509332001219,0.5111949890715528,4.958058400615644,1.456711731639523,0.6864776182412591,0.5663650075414781,241,rod,42.41721380922845,14.846024833229956,379.0,46.427499999999995,77.69848480983498,27.194469683442243,0.9176755447941889,0.7053210365192462,0.7889036664999475,3.991103081113578,1.410660021464357,0.7088880274369261,0.7018518518518518,226,ramified,59.44042953663686,20.8041503378229,386.0,47.285,87.59797974644667,30.659292911256333,0.8596881959910914,0.897233886295569,0.632133764583652,4.458619775180925,2.2647204251817423,0.4415556061052218,0.5848484848484848,243,ameboid,59.73927947383263,20.90874781584142,82.0,10.044999999999998,32.48528137423857,11.369848480983498,0.9647058823529412,0.7872959731897733,0.9764509916477588,3.587399197127953,1.6218620267835335,0.6165752594770306,0.8541666666666666,248,rod,69.71530049235739,24.400355172325085,96.0,11.759999999999998,37.89949493661166,13.26482322781408,0.9320388349514563,0.8802316600747331,0.8398742227811486,3.868101004328886,2.10728513885056,0.47454422828865966,0.8
50,1116.1642335766423,1055.742700729927,548.0,100.18376618407358,33.32114673464368,22.371909658722355,67.13,35.06431816442575,11.662401357125288,7.8301683805528235,0.8726114649681529,0.7410926682561467,0.6861131049195344,1.48941897419349,0.6714027532390562,234,hyperramified,22.60635481812862,7.912224186345016,2253.0,275.99249999999995,235.3380951166243,82.3683332908185,0.8252747252747252,0.7271509332001219,0.5111949890715528,4.958058400615644,1.456711731639523,0.6864776182412591,0.5663650075414781,241,rod,50.11129519000738,17.53895331650258,379.0,46.427499999999995,77.69848480983498,27.194469683442243,0.9176755447941889,0.7053210365192462,0.7889036664999475,3.991103081113578,1.410660021464357,0.7088880274369261,0.7018518518518518,226,ramified,68.98162568716872,24.14356899050905,386.0,47.285,87.59797974644667,30.659292911256333,0.8596881959910914,0.897233886295569,0.632133764583652,4.458619775180925,2.2647204251817423,0.4415556061052218,0.5848484848484848,248,rod,71.50499396277958,25.026747886972853,96.0,11.759999999999998,37.89949493661166,13.26482322781408,0.9320388349514563,0.8802316600747331,0.8398742227811486,3.868101004328886,2.10728513885056,0.47454422828865966,0.8,243,ameboid,73.40512762467569,25.69179466863649,82.0,10.044999999999998,32.48528137423857,11.369848480983498,0.9647058823529412,0.7872959731897733,0.9764509916477588,3.587399197127953,1.6218620267835335,0.6165752594770306,0.8541666666666666
51,1282.3235294117646,1050.7058823529412,34.0,20.485281374238568,8.41567165541555,5.224377249688121,4.164999999999999,7.169848480983498,2.945485079395443,1.8285320373908422,0.8947368421052632,0.7839757267921855,1.0181339372994451,1.6108468537408818,0.6207914785180805,232,artifact,17.039487264830655,5.963820542690729,1471.0,180.19749999999996,149.63961030678928,52.373863607376244,0.9564369310793238,0.640763958310297,0.8255234219542119,3.901577447089945,1.3025277812584153,0.767737943396391,0.7633627400103788,229,rod,67.02437061792148,23.458529716272515,711.0,87.09749999999998,107.59797974644667,37.65929291125633,0.9281984334203656,0.8054694299415402,0.771740390576768,4.035239505893684,1.6873726308271093,0.5926373236893289,0.7390852390852392,231,hyperramified,74.29760906233695,26.00416317181793,1487.0,182.15749999999997,231.23759005323592,80.93315651863257,0.7571283095723014,0.9664279399428952,0.3494652230209891,5.996570587604552,3.891992423850167,0.25693780745100897,0.35253674727358936,222,rod,96.21033235450713,33.67361632407749,125.0,15.312499999999998,40.384776310850235,14.134671708797582,0.9541984732824428,0.6935250231074096,0.963129119539889,3.612124203487372,1.3880550180038103,0.7204325383572476,0.744047619047619,242,rod,97.85347143868546,34.24871500353991,1146.0,140.385,144.12489168102783,50.44371208835974,0.9219629927594529,0.818786399547775,0.6932924869047118,4.257421853598828,1.7418620463891663,0.5740982772275068,0.6211382113821138
52,1236.0,1050.5,26.0,15.65685424949238,6.201736729460423,5.203549084703927,3.1849999999999996,5.479898987322333,2.170607855311148,1.8212421796463745,1.0,0.5440588203494177,1.3328282662203883,1.1918282365569903,0.8390470785361213,231,hyperramified,29.13900657115626,10.19865229990469,1487.0,182.15749999999997,231.23759005323592,80.93315651863257,0.7571283095723014,0.9664279399428952,0.3494652230209891,5.996570587604552,3.891992423850167,0.25693780745100897,0.35253674727358936,229,rod,46.308587241931924,16.208005534676172,711.0,87.09749999999998,107.59797974644667,37.65929291125633,0.9281984334203656,0.8054694299415402,0.771740390576768,4.035239505893684,1.6873726308271093,0.5926373236893289,0.7390852390852392,232,artifact,46.92764393776143,16.4246753782165,1471.0,180.19749999999996,149.63961030678928,52.373863607376244,0.9564369310793238,0.640763958310297,0.8255234219542119,3.901577447089945,1.3025277812584153,0.767737943396391,0.7633627400103788,234,hyperramified,120.46566743200242,42.16298360120084,2253.0,275.99249999999995,235.3380951166243,82.3683332908185,0.8252747252747252,0.7271509332001219,0.5111949890715528,4.958058400615644,1.456711731639523,0.6864776182412591,0.5663650075414781,217,hyperramified,122.25133746272438,42.78796811195353,151.0,18.4975,58.384776310850235,20.43467170879758,0.8342541436464088,0.9161211638884043,0.5566568658226698,4.751285712970571,2.4943782920194577,0.40090150046583206,0.6239669421487603
53,1383.6216216216217,1095.6216216216217,37.0,20.48528137423857,7.638815590716642,6.185162831246847,4.5325,7.169848480983499,2.6735854567508244,2.1648069909363965,0.925,0.5868415240855687,1.1079692847082192,1.235022553024163,0.8097018127736451,242,rod,13.289308842511046,4.651258094878866,1146.0,140.385,144.12489168102783,50.44371208835974,0.9219629927594529,0.818786399547775,0.6932924869047118,4.257421853598828,1.7418620463891663,0.5740982772275068,0.6211382113821138,249,rod,66.02425570622084,23.108489497177292,2161.0,264.72249999999997,201.78174593052023,70.62361107568208,0.9371205550737207,0.8889601335022163,0.6669616761941193,4.340647234356615,2.183479598433854,0.4579845860328947,0.7598452883263009,252,ameboid,101.414178412075,35.494962444226246,299.0,36.6275,62.04163056034261,21.714570696119914,0.9707792207792207,0.5002483821514633,0.9761457005367136,3.587960135657915,1.154891838068967,0.8658819527827356,0.8305555555555555,239,rod,106.21513958294717,37.17529885403151,889.0,108.90249999999999,126.32590180780451,44.214065632731575,0.9221991701244814,0.802939064232415,0.7000463741101584,4.23683476252011,1.6776803014796997,0.5960611202968816,0.6812260536398468,228,rod,107.50160149722913,37.62556052403019,226.0,27.684999999999995,59.21320343559643,20.72462120245875,0.9535864978902954,0.8021348570946751,0.8099928570459698,3.9388037024788054,1.6746409623549805,0.5971429234561061,0.70625
54,422.01149425287355,1138.2758620689656,87.0,32.14213562373095,11.498419912744579,9.641443466867974,10.657499999999999,11.249747468305832,4.024446969460603,3.3745052134037907,0.9560439560439561,0.5448991381893503,1.0582289981091215,1.1926035714732914,0.8385015976135665,251,rod,79.08659802617856,27.680309309162496,1495.0,183.1375,176.12489168102783,61.643712088359734,0.8656629994209613,0.9014691653298555,0.6056330662021155,4.555123358278343,2.310304773904608,0.43284332495661015,0.6488715277777778,267,rod,167.96202547644552,58.78670891675593,253.0,30.992499999999996,60.384776310850235,21.13467170879758,0.9547169811320755,0.8155131990309598,0.8719176348525044,3.7963583601735187,1.7278961803201953,0.578738474793486,0.8214285714285714,270,artifact,185.71802284229952,65.00130799480483,1477.0,180.93249999999998,145.39696961967,50.88893936688449,0.9685245901639344,0.44915268754813154,0.8779699452082745,3.7832505801657477,1.119250531433849,0.8934550146864085,0.7806553911205074,265,ameboid,193.16239309148796,67.60683758202077,123.0,15.067499999999997,38.72792206135785,13.554772721475247,0.968503937007874,0.43559170408048636,1.030544107010949,3.491979133649332,1.1109329185018952,0.9001443591648275,0.8541666666666666,259,rod,208.97130661453537,73.13995731508737,444.0,54.38999999999999,81.698484809835,28.594469683442245,0.9288702928870293,0.47361139550739595,0.8359202188675745,3.8772385049059483,1.1354166928303449,0.8807339246591657,0.7424749163879599
55,1997.888888888889,1147.2222222222222,27.0,18.449747468305834,9.213911143269428,3.930587800352654,3.3074999999999997,6.457411613907041,3.2248689001442994,1.3757057301234288,0.9310344827586207,0.9044438156647184,0.9967649908519298,2.344156042626182,0.4265927616660236,253,hyperramified,28.584314323065154,10.004510013072803,1208.0,147.98,188.56854249492378,65.99898987322332,0.7803617571059431,0.8973759100503321,0.4269119481456295,5.425450146021996,2.2662021613263312,0.44126689889605164,0.620441705187468,240,ameboid,79.19176723317995,27.71711853161298,503.0,61.61749999999999,81.35533905932736,28.474368670764576,0.9766990291262136,0.5880614474581914,0.955005186715796,3.6274552783100438,1.2363747564136003,0.8088162547905283,0.8165584415584416,245,ameboid,79.67374617057155,27.88581115970004,199.0,24.377499999999998,53.21320343559642,18.624621202458744,0.961352657004831,0.772024708348318,0.8831289708641046,3.7721839773779307,1.573335070405498,0.6355925185995305,0.7653846153846153,257,rod,82.71014424127608,28.948550484446628,692.0,84.76999999999998,110.32590180780451,38.614065632731574,0.8952134540750324,0.7476708026704781,0.7144321441212383,4.1939614947928865,1.5058663598139632,0.6640695527082107,0.6118479221927499,256,rod,85.4389026900702,29.903615941524567,89.0,10.902499999999998,33.31370849898476,11.659797974644665,0.9368421052631579,0.5915020699201344,1.007752555520249,3.5312460384073705,1.2402278115505612,0.8063034796403873,0.8090909090909092
56,580.6115107913669,1453.978417266187,139.0,41.79898987322333,13.851209143911486,12.790319541542887,17.027499999999996,14.629646455628164,4.84792320036902,4.47661183954001,0.952054794520548,0.38381945115764216,0.9997538633438717,1.0829447301080193,0.9234081594360353,281,rod,19.206277348291245,6.7221970719019355,833.0,102.04249999999999,130.3259018078045,45.614065632731574,0.8740818467995802,0.8932112124291124,0.616301731510725,4.515524864768518,2.224014621708158,0.44963733162507197,0.6329787234042553,284,rod,92.398704004345,32.33954640152075,1273.0,155.94249999999997,143.81118318204307,50.33391411371507,0.9471726190476191,0.676056250993296,0.7734868753414655,4.030681272757771,1.3571282877463258,0.7368500156021506,0.7738601823708207,278,ameboid,94.00059876887131,32.90020956910496,543.0,66.5175,85.94112549695427,30.079393923933992,0.9627659574468085,0.4826965703360862,0.9238630965352915,3.6880867018815175,1.141829290998423,0.8757876574751324,0.8080357142857143,286,rod,95.52257624502936,33.43290168576027,1752.0,214.61999999999998,181.78174593052023,63.62361107568208,0.8690476190476191,0.8325193682534472,0.6662595163892365,4.342933899949569,1.805067380254313,0.553995939951622,0.5938983050847457,273,hyperramified,97.32525737322594,34.06384008062908,997.0,122.13249999999998,151.63961030678928,53.073863607376246,0.8893844781445138,0.9322879125877883,0.5448534472310678,4.802474643566712,2.7645915754246952,0.3617170828737624,0.4916173570019724
57,1115.8063540090773,1591.5839636913768,661.0,94.42640687119285,31.075240090132375,27.15141111309652,80.97249999999998,33.0492424049175,10.87633403154633,9.50299388958378,0.9706314243759178,0.4864088284640268,0.9315890929994983,1.1445165763463099,0.8737313383370503,296,rod,4.967733586840346,1.7387067553941211,611.0,74.8475,97.01219330881976,33.95426765808691,0.9591836734693877,0.8250546307258058,0.8158276631079465,3.924693249678465,1.769745594032851,0.5650529677100229,0.7039170506912443,292,rod,46.1828076291754,16.16398267021139,2146.0,262.885,214.0243866176395,74.90853531617381,0.8762760310330747,0.8762956701171972,0.588725787823465,4.620068367254604,2.0756633225831207,0.4817737005419166,0.6036568213783403,304,ameboid,63.57195166963492,22.25018308437222,155.0,18.987499999999997,43.55634918610404,15.244722215136415,0.96875,0.37083731217282473,1.0266883180379354,3.4985301562705393,1.0767764833742508,0.9286978453191517,0.8516483516483516,291,rod,81.11663358863767,28.390821756023183,378.0,46.30499999999999,72.5269119345812,25.384419177103418,0.9521410579345088,0.6169200019570524,0.9030323135230255,3.7303818246371674,1.27060627264407,0.787025864368707,0.756,305,rod,85.19040615375253,29.816642153813383,1540.0,188.64999999999998,159.29646455628165,55.75376259469857,0.944206008583691,0.8148929029236213,0.7626377708637325,4.05924978835261,1.7252934112251228,0.5796115567901605,0.7
58,804.7395833333334,1767.079861111111,288.0,60.8700576850888,20.6292658635785,17.82699725943266,35.279999999999994,21.30452018978108,7.220243052252474,6.23944904080143,0.9696969696969697,0.5032162394509645,0.9767758761964468,1.1571924067393402,0.8641605269582899,322,rod,20.39042190599308,7.136647667097577,948.0,116.12999999999998,127.39696961966999,44.588939366884496,0.9294117647058824,0.8644377409896106,0.7340066695735965,4.137661219502972,1.9891001885273103,0.5027398849830585,0.6249176005273566,333,rod,48.292558106691985,16.902395337342192,732.0,89.66999999999999,104.66904755831214,36.634166645409245,0.9494163424124513,0.7098064143864034,0.8396231424308521,3.8686793182830064,1.419654373411421,0.7043968015940428,0.7155425219941349,320,artifact,50.700913890027806,17.74531986150973,3579.0,438.42749999999995,325.22034611053283,113.82712113868648,0.7352095316351684,0.8964266988824579,0.42522241245128967,5.436217927955763,2.256358276343057,0.4431920278284564,0.5154089861751152,336,artifact,75.63097509205565,26.470841282219475,1635.0,200.28749999999997,151.29646455628165,52.953762594698574,0.9743742550655542,0.5148685963661145,0.8975735819486049,3.7417080751184804,1.1664948466050773,0.8572691108840834,0.7726843100189036,315,rod,89.50981857698429,31.3284365019445,170.0,20.824999999999996,46.970562748477136,16.439696961966998,0.9497206703910615,0.4152659467312082,0.9682940395618206,3.6024777134540478,1.0992634247280753,0.9097000568788778,0.8095238095238095
59,825.2030141843971,1841.2517730496454,1128.0,135.29646455628165,40.7278978734698,35.703727443061304,138.17999999999998,47.35376259469857,14.254764255714429,12.496304605071456,0.9322314049586777,0.48114583867525645,0.7743656276134918,1.140718372848348,0.8766405659821386,336,artifact,10.371745166677504,3.6301108083371263,1635.0,200.28749999999997,151.29646455628165,52.953762594698574,0.9743742550655542,0.5148685963661145,0.8975735819486049,3.7417080751184804,1.1664948466050773,0.8572691108840834,0.7726843100189036,333,rod,61.85344394650678,21.64870538127737,732.0,89.66999999999999,104.66904755831214,36.634166645409245,0.9494163424124513,0.7098064143864034,0.8396231424308521,3.8686793182830064,1.419654373411421,0.7043968015940428,0.7155425219941349,320,artifact,67.8857805224884,23.76002318287094,3579.0,438.42749999999995,325.22034611053283,113.82712113868648,0.7352095316351684,0.8964266988824579,0.42522241245128967,5.436217927955763,2.256358276343057,0.4431920278284564,0.5154089861751152,347,rod,79.48484738440133,27.819696584540466,1965.0,240.71249999999998,190.40916292848976,66.64320702497142,0.9212376933895922,0.2278062076632436,0.6810778103686971,4.295429213217809,1.0270035258516832,0.9737064915825976,0.6159874608150471,322,rod,93.7584928153127,32.81547248535944,948.0,116.12999999999998,127.39696961966999,44.588939366884496,0.9294117647058824,0.8644377409896106,0.7340066695735965,4.137661219502972,1.9891001885273103,0.5027398849830585,0.6249176005273566
60,551.1068322981366,1844.5739130434783,805.0,105.49747468305831,34.04183639091029,30.297307354757184,98.61249999999998,36.92411613907041,11.914642736818601,10.604057574165013,0.9675480769230769,0.4559563407400495,0.9089115379160931,1.1235927995946198,0.8900021434462638,332,hyperramified,19.12970308671551,6.695396080350427,2718.0,332.955,280.1076477383247,98.03767670841364,0.7926509186351706,0.9000144937005526,0.4353207647918542,5.372794628473735,2.294314860125118,0.4358599673392108,0.438953488372093,350,hyperramified,88.5499123750014,30.992469331250486,1899.0,232.62749999999997,256.99494936611666,89.94823227814082,0.7386231038506418,0.9259254036616547,0.361314717403525,5.897420648045741,2.647558849963605,0.3777064294581201,0.6094351732991014,338,rod,100.4045159595536,35.14158058584376,323.0,39.567499999999995,73.11269837220809,25.589444430272827,0.9073033707865169,0.7446242148586448,0.7593233601719739,4.068099358915754,1.498163439503865,0.6674839163951044,0.6408730158730159,319,ameboid,100.62975253408004,35.22041338692801,917.0,112.33249999999998,110.91168824543142,38.819090885901,0.9807486631016042,0.4759278908932363,0.9367518678925634,3.6626266250309754,1.1370299553511252,0.8794843049593983,0.793939393939394,352,artifact,122.09585292218642,42.73354852276525,2049.0,251.00249999999997,171.98275605729688,60.193964620053904,0.973396674584323,0.5356463276701925,0.8705265353063593,3.7993904356245256,1.184213356212584,0.8444424264882933,0.8199279711884755
61,1541.494011976048,1883.8443113772455,334.0,85.01219330881976,26.483394614507816,18.001050525425185,40.91499999999999,29.754267658086913,9.269188115077736,6.3003676838988145,0.8652849740932642,0.7334801752750494,0.5807562451223823,1.4712138370536725,0.679710844755682,349,hyperramified,31.7314465673443,11.106006298570504,2640.0,323.4,302.45079348883235,105.85777772109131,0.7451312447078747,0.9603806311191406,0.3626639057577159,5.8864405847967705,3.5881948782079225,0.27869166361985254,0.48008728859792693,351,hyperramified,51.37530988691191,17.981358460419166,1056.0,129.35999999999999,157.88225099390857,55.258787847868,0.8516129032258064,0.9416496157200964,0.5323621408167558,4.858490418503361,2.9709319832910053,0.3365947135862279,0.46850044365572313,331,rod,78.39115140600876,27.436902992103064,2637.0,323.03249999999997,228.40916292848976,79.94320702497141,0.8682910767204478,0.45444222392523637,0.6351743464519456,4.447935258731606,1.1226164138884116,0.8907762149462036,0.6861826697892272,339,rod,104.75923590505279,36.665732566768476,2889.0,353.9025,241.03657992645924,84.36280297426073,0.929835854522047,0.9186012812193366,0.6248726160340712,4.4844499940265825,2.530456350970503,0.3951856350402848,0.5279605263157895,356,artifact,113.28128659847897,39.648450309467634,2304.0,282.23999999999995,195.19595949289334,68.31858582251266,0.9548280149191878,0.7596023750475429,0.7598899338236124,4.066582489435278,1.5375443223675047,0.6503877549755469,0.6994535519125683
